{"AC6F9EZE9MG1V": [1, 0, 0, 0.0, 0.0, 0, 0.5, 1.0, 0.6666666666666666, ["3VZYA8PITOJEKC2YPFWRN4ODVHE054"]], "A3QLUTH89HZQC9": [6, 5, 0.8333333333333334, 0.7645687645687645, 0.7088274044795784, 0.7289562289562289, 0.9927536231884059, 0.9927536231884059, 0.9927536231884059, ["3X4Q1O9UBH7EAX80FTDZBPYRK0QO7I", "3WPCIUYH1ATA4YEI2N2K5REA5JBDTN", "3V8JSVE8YYBBDQRC8O03JQOAKXTYEP", "3CKVGCS3PGQFQE091B9ZGFY59BO0SS", "3XUSYT70ITM9OPHR4LEALGC588DD0A", "32K26U12DN9PHQI77I2Z692V24RDV3"]], "A203HI499F5HCI": [3, 0, 0.0, 0.7282828282828283, 0.8143939393939394, 0.7427065687935254, 0.7073677956030897, 0.8143939393939394, 0.7241558441558441, ["3V8JSVE8YYBBDQRC8O03JQOAKXTYEP", "3TRB893CSJVQIKR2RA0R6GPPTEZG7N", "32K26U12DN9PHQI77I2Z692V24RDV3"]], "A2MVQGP9T5Q5FS": [1, 1, 1, 1.0, 1.0, 1.0, 1.0, 1.0, 1.0, ["311HQEI8RS1Q91M7H2OGRN5V44T7Z3"]], "A2QNMH7AWCFPL1": [9, 6, 0.6666666666666666, 0.5983164983164982, 0.5538720538720538, 0.5671674005007338, 0.837962962962963, 0.8194444444444444, 0.8273809523809523, ["3ZQX1VYFTDQIABDJPY55PPUMVKWO85", "311HQEI8RS1Q91M7H2OGRN5V44T7Z3", "3APP19WN71Z7EKDX80VZ02PTY3FG6O", "32K26U12DN9PHQI77I2Z692V24RDV3", "3MIVREZQVHJ5QOS0D0UC4ZYD5B7QKD", "3GITHABACY6P6BBI82WR09HEJ0Y2NG", "3KA7IJSNW6QJX9NR7A2U5RPDDLBPB0", "386T3MLZLNGX7UL0ND3UZOY4X7F80E", "37SDSEDIN9NXEJ6IJW7UDTHE2ZL81H"]], "A3LUETNYKSGBFY": [1, 1, 1, 0.8, 0.7272727272727273, 0.761904761904762, 1.0, 1.0, 1.0, ["32K26U12DN9PHQI77I2Z692V24RDV3"]], "AAAZWVXNMLBRL": [2, 1, 0.5, 1.0, 0.9090909090909092, 0.95, 1.0, 1.0, 1.0, ["3WPCIUYH1ATA4YEI2N2K5REA5JBDTN", "32K26U12DN9PHQI77I2Z692V24RDV3"]], "A243U9BA8M2EY9": [1, 0, 0, 0.0, 0.0, 0, 0.0, 0.0, 0, ["3TD33TP5DLNCA5HPIRKXFW0IE9DABR"]], "A18ZUFGMNOVI2Y": [2, 1, 0.5, 0.85, 0.6521739130434783, 0.7121212121212122, 0.9782608695652174, 0.9782608695652174, 0.9782608695652174, ["337F8MIIMZYWOTYYBADHICIZVLJ04Z", "3YLPJ8OXX8Y4LJ49EM2ORQ5A5S44XY"]], "A1YJKLVJW1FE33": [2, 0, 0.0, 0.4166666666666667, 0.35714285714285715, 0.3846153846153846, 0.2777777777777778, 0.35714285714285715, 0.31250000000000006, ["3TD33TP5DLNCA5HPIRKXFW0IE9DABR", "3XUSYT70ITM9OPHR4LEALGC588DD0A"]], "APG8FREAKLXMG": [5, 3, 0.6, 0.9266666666666666, 0.8428571428571429, 0.8649572649572649, 1.0, 0.9428571428571428, 0.9666666666666666, ["3FHTJGYT8NLFOQV2NWU862GAT86GPV", "3FBEFUUYRKQ64T0UM03P4GEQ0836A3", "3TD33TP5DLNCA5HPIRKXFW0IE9DABR", "3XUSYT70ITM9OPHR4LEALGC588DD0A", "3LVTFB9DE530O2WHN99X676KY4SGQM"]], "A23RHCS09VH072": [7, 5, 0.7142857142857143, 0.8589569160997733, 0.7831632653061225, 0.8023311888858108, 0.7976190476190476, 1.0, 0.8428571428571429, ["3LAZVA75NIC7OWBU9HW4FYHJ9A32OV", "3GITHABACY6P6BBI82WR09HEJ0Y2NG", "3G3AJKPCXLDTLOUJJIOQA4CJ7YY4Y4", "33Q5P9PUSP7WLIH38JWR79X955JCZG", "3KA7IJSNW6QJX9NR7A2U5RPDDLBPB0", "3NI0WFPPI91A3G2CUY6WFA2DRCP06K", "37SDSEDIN9NXEJ6IJW7UDTHE2ZL81H"]], "A1JVUD5XUB9H48": [4, 3, 0.75, 0.6666666666666667, 0.6666666666666666, 0.65, 1.0, 1.0, 1.0, ["3YLPJ8OXX8Y4LJ49EM2ORQ5A5S44XY", "3MZ3TAMYTL8EWUHCQCY0W9T59TJRI3", "3KA7IJSNW6QJX9NR7A2U5RPDDLBPB0", "3A3KKYU7P32509OPAL6YB183IHIMWH"]], "A1JP58Y4XAT7EU": [1, 1, 1, 1.0, 1.0, 1.0, 1.0, 1.0, 1.0, ["3ZQX1VYFTDQIABDJPY55PPUMVKWO85"]], "A1DRCRAL9SH5PO": [18, 17, 0.9444444444444444, 0.8489197530864198, 0.8135992429470689, 0.8077141153493221, 1.0, 1.0, 1.0, ["337F8MIIMZYWOTYYBADHICIZVLJ04Z", "3MIVREZQVHJ5QOS0D0UC4ZYD5B7QKD", "3LAZVA75NIC7OWBU9HW4FYHJ9A32OV", "3N3WJQXELSBZIB8XWPGCNHDPE5YL2X", "3QX22DUVOO2SLKOKKB12PZPPB8GMV7", "3YLPJ8OXX8Y4LJ49EM2ORQ5A5S44XY", "3GITHABACY6P6BBI82WR09HEJ0Y2NG", "3G3AJKPCXLDTLOUJJIOQA4CJ7YY4Y4", "3VZYA8PITOJEKC2YPFWRN4ODVHE054", "33Q5P9PUSP7WLIH38JWR79X955JCZG", "3MZ3TAMYTL8EWUHCQCY0W9T59TJRI3", "3XUSYT70ITM9OPHR4LEALGC58YCD0P", "3KA7IJSNW6QJX9NR7A2U5RPDDLBPB0", "3A3KKYU7P32509OPAL6YB183IHIMWH", "386T3MLZLNGX7UL0ND3UZOY4X7F80E", "3NI0WFPPI91A3G2CUY6WFA2DRCP06K", "37SDSEDIN9NXEJ6IJW7UDTHE2ZL81H", "37SOB9Z0SSIO3T4G0PUH6RIHKJYL38"]], "ACJR2IADLW6HD": [1, 1, 1, 0.0, 0.0, 0, 1.0, 1.0, 1.0, ["3LVTFB9DE530O2WHN99X676KY4SGQM"]], "A18TO2D0ADX3QT": [18, 16, 0.8888888888888888, 0.8387972865914042, 0.8675810904071773, 0.8396155988261251, 1.0, 0.9760101010101011, 0.9865079365079366, ["3X4Q1O9UBH7EAX80FTDZBPYRK0QO7I", "3FHTJGYT8NLFOQV2NWU862GAT86GPV", "3FBEFUUYRKQ64T0UM03P4GEQ0836A3", "3WPCIUYH1ATA4YEI2N2K5REA5JBDTN", "3TD33TP5DLNCA5HPIRKXFW0IE9DABR", "3V8JSVE8YYBBDQRC8O03JQOAKXTYEP", "31ODACBENU03E758I93EVLPNMFLQSF", "3CKVGCS3PGQFQE091B9ZGFY59BO0SS", "3J06WJ78HN5BB7ITY32TCV822BUVVJ", "3ZQX1VYFTDQIABDJPY55PPUMVKWO85", "3XUSYT70ITM9OPHR4LEALGC588DD0A", "3R0WOCG21MUP4BT72SSUAN0COXIDUE", "3LVTFB9DE530O2WHN99X676KY4SGQM", "311HQEI8RS1Q91M7H2OGRN5V44T7Z3", "3LXX8KJXPWUIOGWTUQBJPLPXFQEO9U", "3APP19WN71Z7EKDX80VZ02PTY3FG6O", "3TRB893CSJVQIKR2RA0R6GPPTEZG7N", "32K26U12DN9PHQI77I2Z692V24RDV3"]], "AURYD2FH3FUOQ": [18, 13, 0.7222222222222222, 0.8827516619183284, 0.8671419160549596, 0.8531484673641537, 0.962121212121212, 0.9443742985409651, 0.9426869426869426, ["3X4Q1O9UBH7EAX80FTDZBPYRK0QO7I", "3FHTJGYT8NLFOQV2NWU862GAT86GPV", "3FBEFUUYRKQ64T0UM03P4GEQ0836A3", "3WPCIUYH1ATA4YEI2N2K5REA5JBDTN", "3TD33TP5DLNCA5HPIRKXFW0IE9DABR", "3V8JSVE8YYBBDQRC8O03JQOAKXTYEP", "31ODACBENU03E758I93EVLPNMFLQSF", "3CKVGCS3PGQFQE091B9ZGFY59BO0SS", "3J06WJ78HN5BB7ITY32TCV822BUVVJ", "3ZQX1VYFTDQIABDJPY55PPUMVKWO85", "3XUSYT70ITM9OPHR4LEALGC588DD0A", "3R0WOCG21MUP4BT72SSUAN0COXIDUE", "3LVTFB9DE530O2WHN99X676KY4SGQM", "311HQEI8RS1Q91M7H2OGRN5V44T7Z3", "3LXX8KJXPWUIOGWTUQBJPLPXFQEO9U", "3APP19WN71Z7EKDX80VZ02PTY3FG6O", "3TRB893CSJVQIKR2RA0R6GPPTEZG7N", "32K26U12DN9PHQI77I2Z692V24RDV3"]], "A2ZRJMJTE6ID97": [18, 18, 1.0, 1.0, 1.0, 1.0, 1.0, 1.0, 1.0, ["3X4Q1O9UBH7EAX80FTDZBPYRK0QO7I", "3FHTJGYT8NLFOQV2NWU862GAT86GPV", "3FBEFUUYRKQ64T0UM03P4GEQ0836A3", "3WPCIUYH1ATA4YEI2N2K5REA5JBDTN", "3TD33TP5DLNCA5HPIRKXFW0IE9DABR", "3V8JSVE8YYBBDQRC8O03JQOAKXTYEP", "31ODACBENU03E758I93EVLPNMFLQSF", "3CKVGCS3PGQFQE091B9ZGFY59BO0SS", "3J06WJ78HN5BB7ITY32TCV822BUVVJ", "3ZQX1VYFTDQIABDJPY55PPUMVKWO85", "3XUSYT70ITM9OPHR4LEALGC588DD0A", "3R0WOCG21MUP4BT72SSUAN0COXIDUE", "3LVTFB9DE530O2WHN99X676KY4SGQM", "311HQEI8RS1Q91M7H2OGRN5V44T7Z3", "3LXX8KJXPWUIOGWTUQBJPLPXFQEO9U", "3APP19WN71Z7EKDX80VZ02PTY3FG6O", "3TRB893CSJVQIKR2RA0R6GPPTEZG7N", "32K26U12DN9PHQI77I2Z692V24RDV3"]], "ARQYCKZLIPXFH": [1, 1, 1, 1.0, 0.375, 0.5454545454545454, 1.0, 1.0, 1.0, ["3TRB893CSJVQIKR2RA0R6GPPTEZG7N"]], "A37WDOIQH6JM6V": [2, 1, 0.5, 0.875, 0.7916666666666667, 0.8295454545454546, 1.0, 0.9166666666666667, 0.9545454545454546, ["3WPCIUYH1ATA4YEI2N2K5REA5JBDTN", "3CKVGCS3PGQFQE091B9ZGFY59BO0SS"]], "A33XXKGG4SP92D": [1, 1, 1, 1.0, 0.8333333333333334, 0.9090909090909091, 1.0, 1.0, 1.0, ["3WPCIUYH1ATA4YEI2N2K5REA5JBDTN"]], "A167SYXGXFU7C8": [1, 0, 0, 0.0, 0.0, 0, 0.5333333333333333, 1.0, 0.6956521739130436, ["3V8JSVE8YYBBDQRC8O03JQOAKXTYEP"]], "A2DLH5XGBNYXWS": [1, 0, 0, 0.0, 0.0, 0, 0.7272727272727273, 1.0, 0.8421052631578948, ["3V8JSVE8YYBBDQRC8O03JQOAKXTYEP"]], "A14W0IW2KGR80K": [2, 0, 0.0, 0.7272727272727273, 0.8125, 0.763157894736842, 0.7272727272727273, 0.8125, 0.763157894736842, ["3WPCIUYH1ATA4YEI2N2K5REA5JBDTN", "31ODACBENU03E758I93EVLPNMFLQSF"]], "A3EBUBRYCKB6AF": [1, 0, 0, 1.0, 1.0, 1.0, 1.0, 1.0, 1.0, ["3XUSYT70ITM9OPHR4LEALGC588DD0A"]], "A25QS426U0L4ND": [2, 1, 0.5, 0.5, 0.5, 0.5, 1.0, 0.6666666666666666, 0.75, ["3CKVGCS3PGQFQE091B9ZGFY59BO0SS", "3R0WOCG21MUP4BT72SSUAN0COXIDUE"]], "A3W1BZJDOLEW9P": [11, 7, 0.6363636363636364, 0.8012987012987013, 0.7397763632941499, 0.748732794553228, 0.9018915866741953, 0.9700734048560136, 0.915527950310559, ["337F8MIIMZYWOTYYBADHICIZVLJ04Z", "3LAZVA75NIC7OWBU9HW4FYHJ9A32OV", "3N3WJQXELSBZIB8XWPGCNHDPE5YL2X", "3QX22DUVOO2SLKOKKB12PZPPB8GMV7", "3GITHABACY6P6BBI82WR09HEJ0Y2NG", "33Q5P9PUSP7WLIH38JWR79X955JCZG", "3MZ3TAMYTL8EWUHCQCY0W9T59TJRI3", "3XUSYT70ITM9OPHR4LEALGC58YCD0P", "3A3KKYU7P32509OPAL6YB183IHIMWH", "3NI0WFPPI91A3G2CUY6WFA2DRCP06K", "37SOB9Z0SSIO3T4G0PUH6RIHKJYL38"]],