WorkerID,# HITs completed,Precision,Recall,F1
A32XIIAIWNFG9Q,14,0.8548630097972202,0.7634906954234685,0.7972696489086959
AOHBIO8CCQ4N3,15,0.9108909608909607,0.7850784914355605,0.8290673988296853
A23KO2TP7I4KK2,17,0.9191507292572201,0.856853909157679,0.8799296237576392
