qual_type,num_HITs_completed,precision,recall,f1
all,51,0.8439947400242491,0.8854649727354936,0.8533105270378157
participated,39,0.8204715391365351,0.8652315610584883,0.8246350504516284
passed,25,0.8268873064238543,0.9299305079744886,0.8603410603008117
automatic_alignments,30,0.9194096027429359,0.8642637848226533,0.8853607061109207
