{"A2ZRJMJTE6ID97": [106, "ldc", 0.9390437310580176, 0.914982124700884, 0.9217562677843678], "A1SRF7085UM3HI": [1, "ldc", 0.8571428571428571, 1.0, 0.923076923076923], "A5ACBHV38DICN": [3, "ldc", 1.0, 0.9814814814814815, 0.9904761904761905], "A2HNL20X0Q9BP0": [5, "ldc", 0.8698809523809524, 0.9581904761904761, 0.9061126331516086], "A1I6P3XTSPFEK5": [15, "ldc", 0.980952380952381, 0.9971014492753624, 0.9882621082621081], "A37PBOUXGARPML": [2, "ldc", 0.925, 0.9333333333333333, 0.929126213592233], "AROEBUDI2L9G9": [20, "ldc", 0.8324577241666562, 0.8728760790866054, 0.847904671565163], "A4H1NYJVE7C53": [52, "ldc", 0.9605309220693837, 0.9356624569487816, 0.9450130422086442], "A2NV5CA59IXOAY": [25, "ldc", 0.9836911463149853, 0.9546032709980079, 0.9668493933817918], "A1EQ2HDHF2WWSY": [69, "ldc", 0.9449872370987862, 0.962471082651691, 0.9458673481088933], "A3OKWRLKLYVH4F": [33, "ldc", 0.9419840977996059, 0.9525635613096912, 0.9397379430153614], "A34QZDSTKZ3JO9": [104, "ldc", 0.9378143770745817, 0.9574067185153222, 0.943098504205834], "A18TO2D0ADX3QT": [4, "ldc", 0.9289297658862876, 0.9375, 0.9283914728682171]}