qual_type,num_HITs_completed,precision,recall,f1
all,51,0.8467474929762846,0.8901048117906775,0.8578449215310906
participated,39,0.8273797837889568,0.8877918811780688,0.8429038681975879
passed,25,0.836822382508794,0.9456546565149986,0.875998457339755
automatic_alignments,30,0.9185919019252352,0.9031993473444225,0.9074730615576846
